{
 "MU": {
  "bear": 719.9028600460507,
  "base": 807.2128265636887,
  "bull": 896.6594934368895,
  "up_bear": -23.078261329210626,
  "up_bull": -4.191786060659952
 },
 "AMD": {
  "bear": 138.65718861912353,
  "base": 159.30693458135585,
  "bull": 181.55914041230812,
  "up_bear": -70.84001459098779,
  "up_bull": -61.817616973048
 },
 "INTC": {
  "bear": 24.677407572206675,
  "base": 27.929856268357543,
  "bull": 31.279191521915102,
  "up_bear": -77.13361047794044,
  "up_bull": -71.01631623247303
 },
 "AMAT": {
  "bear": 330.57596009258793,
  "base": 379.13329732865304,
  "bull": 431.95624204542463,
  "up_bear": -33.78018066693617,
  "up_bull": -13.472037410022908
 },
 "DELL": {
  "bear": 225.67828320265016,
  "base": 280.29655821321825,
  "bull": 347.0425548072311,
  "up_bear": -40.88787175791027,
  "up_bull": -9.098812193611206
 },
 "MRVL": {
  "bear": 82.25323190761522,
  "base": 95.11857754264577,
  "bull": 109.06198383400697,
  "up_bear": -69.17969427922091,
  "up_bull": -59.134448503444624
 },
 "STX": {
  "bear": 166.00427100340067,
  "base": 193.6179133834965,
  "bull": 223.97743931798422,
  "up_bear": -80.37797768307695,
  "up_bull": -73.5254383142062
 },
 "WDC": {
  "bear": 250.22561579703037,
  "base": 284.53426975911225,
  "bull": 320.9181792934735,
  "up_bear": -51.667771035109645,
  "up_bull": -38.01317714334515
 },
 "ASX": {
  "bear": 22.952846972891205,
  "base": 27.296323402896334,
  "bull": 32.31005127487293,
  "up_bear": -34.56999152539565,
  "up_bull": -7.896091006633599
 },
 "COHR": {
  "bear": 243.29812606120015,
  "base": 277.17661114186205,
  "bull": 313.2254242568591,
  "up_bear": -31.646309473169588,
  "up_bull": -12.000498888335354
 },
 "CIEN": {
  "bear": 221.5781232343946,
  "base": 253.23967388288065,
  "bull": 287.7951893010128,
  "up_bear": -49.56568415477884,
  "up_bull": -34.493743046157235
 },
 "LITE": {
  "bear": 199.40419263666604,
  "base": 229.64105253582727,
  "bull": 262.9541783255405,
  "up_bear": -75.73449758607549,
  "up_bull": -68.00109784784603
 },
 "HPE": {
  "bear": 44.81653512867235,
  "base": 55.38384022266672,
  "bull": 68.28125623109582,
  "up_bear": -7.154474562518443,
  "up_bull": 41.4569219620796
 },
 "STM": {
  "bear": 67.87979148379179,
  "base": 78.83303992161426,
  "bull": 91.13616288608075,
  "up_bear": -7.419815215777692,
  "up_bull": 24.29918560567479
 },
 "TER": {
  "bear": 156.00768825470072,
  "base": 178.18007238114095,
  "bull": 202.02993346909378,
  "up_bear": -57.745540951030385,
  "up_bull": -45.28048171255009
 },
 "FLEX": {
  "bear": 74.40649302711901,
  "base": 100.3908199525006,
  "bull": 133.12300368146273,
  "up_bear": -49.45554444187283,
  "up_bull": -9.569320235403357
 },
 "UMC": {
  "bear": 14.108793732059738,
  "base": 16.128346409956137,
  "bull": 18.310532222225135,
  "up_bear": -29.03021261539367,
  "up_bull": -7.894707131664314
 },
 "ON": {
  "bear": 111.59009895167944,
  "base": 127.54434118963195,
  "bull": 144.65112345881937,
  "up_bear": -4.6238470498466295,
  "up_bull": 23.63343885369178
 },
 "TSEM": {
  "bear": 66.91857800237587,
  "base": 75.95997634263745,
  "bull": 85.8114857457235,
  "up_bear": -70.66004121256758,
  "up_bull": -62.3765846432289
 },
 "SNX": {
  "bear": 270.7831908934612,
  "base": 409.5219942806082,
  "bull": 598.4797347455914,
  "up_bear": -0.7392995258573287,
  "up_bull": 119.38406698885315
 }
}